Workbook

Sheet Resumen
A1: Resumen de Neto Ítem por actividad y tipo de comprobante
A2: Fuente: hoja Datos, columna I (Neto Ítem). Actividad = columna H (Descripción). Tipo de comprobante = derivado de la columna D. Versión corregida.
A4: Cód. | B4: Actividad | C4: FC A | D4: FC B | E4: NCR B | F4: Total
A5: 4110101 | B5: VENTA DE VINOS | C5: =SUMIFS(Datos!$I$2:$I$84,Datos!$H$2:$H$84,$B5,Datos!$AB$2:$AB$84,C$4) -> 5348942.8 | D5: =SUMIFS(Datos!$I$2:$I$84,Datos!$H$2:$H$84,$B5,Datos!$AB$2:$AB$84,D$4) -> 4486385.9 | E5: =SUMIFS(Datos!$I$2:$I$84,Datos!$H$2:$H$84,$B5,Datos!$AB$2:$AB$84,E$4) -> -549421.49 | F5: =SUM(C5:E5) -> 9285907.2
A6: 4110104 | B6: DEGUSTAC. Y CONS. VARIAS | C6: =SUMIFS(Datos!$I$2:$I$84,Datos!$H$2:$H$84,$B6,Datos!$AB$2:$AB$84,C$4) -> 238016.53 | D6: =SUMIFS(Datos!$I$2:$I$84,Datos!$H$2:$H$84,$B6,Datos!$AB$2:$AB$84,D$4) -> 2214038.9 | E6: =SUMIFS(Datos!$I$2:$I$84,Datos!$H$2:$H$84,$B6,Datos!$AB$2:$AB$84,E$4) -> 0 | F6: =SUM(C6:E6) -> 2452055.4
B7: Total | C7: =SUM(C5:C6) -> 5586959.3 | D7: =SUM(D5:D6) -> 6700424.8 | E7: =SUM(E5:E6) -> -549421.49 | F7: =SUM(F5:F6) -> 11737963
B8: Cant. de ítems | C8: =COUNTIFS(Datos!$AB$2:$AB$84,C$4) -> 17 | D8: =COUNTIFS(Datos!$AB$2:$AB$84,D$4) -> 64 | E8: =COUNTIFS(Datos!$AB$2:$AB$84,E$4) -> 2 | F8: =SUM(C8:E8) -> 83
B10: Control
B11: Total Neto en Datos (col. I) | F11: =SUM(Datos!$I$2:$I$84) -> 11737963
B12: Total del resumen | F12: =F7 -> 11737963
B13: Diferencia | F13: =ROUND(F11-F12,2) -> 0
A15: Resumen de IVA por actividad y tipo de comprobante
A16: Fuente: hoja Datos, columna K (IVA Insc. Ítem).
A18: Cód. | B18: Actividad | C18: FC A | D18: FC B | E18: NCR B | F18: Total
A19: 4110101 | B19: VENTA DE VINOS | C19: =SUMIFS(Datos!$K$2:$K$84,Datos!$H$2:$H$84,$B19,Datos!$AB$2:$AB$84,C$18) -> 1123278 | D19: =SUMIFS(Datos!$K$2:$K$84,Datos!$H$2:$H$84,$B19,Datos!$AB$2:$AB$84,D$18) -> 942141.07 | E19: =SUMIFS(Datos!$K$2:$K$84,Datos!$H$2:$H$84,$B19,Datos!$AB$2:$AB$84,E$18) -> -115378.51 | F19: =SUM(C19:E19) -> 1950040.6
A20: 4110104 | B20: DEGUSTAC. Y CONS. VARIAS | C20: =SUMIFS(Datos!$K$2:$K$84,Datos!$H$2:$H$84,$B20,Datos!$AB$2:$AB$84,C$18) -> 49983.47 | D20: =SUMIFS(Datos!$K$2:$K$84,Datos!$H$2:$H$84,$B20,Datos!$AB$2:$AB$84,D$18) -> 464948.14 | E20: =SUMIFS(Datos!$K$2:$K$84,Datos!$H$2:$H$84,$B20,Datos!$AB$2:$AB$84,E$18) -> 0 | F20: =SUM(C20:E20) -> 514931.61
B21: Total | C21: =SUM(C19:C20) -> 1173261.5 | D21: =SUM(D19:D20) -> 1407089.2 | E21: =SUM(E19:E20) -> -115378.51 | F21: =SUM(F19:F20) -> 2464972.2
B23: Control IVA
B24: Total IVA en Datos (col. K) | F24: =SUM(Datos!$K$2:$K$84) -> 2464972.2
B25: Total del resumen IVA | F25: =F21 -> 2464972.2
B26: Diferencia | F26: =ROUND(F24-F25,2) -> 0
A28: Notas:
A29: • NCR ya viene con signo negativo en la fuente y se suma tal cual, sin invertir el signo.
A30: • Versión corregida: la NC B 0010-00000024 de CECILIA PIEDRABUENA pasó a NCR B, con Neto -404.628,10 y Tasa IVA 21%.

Sheet Datos
A1: Año - mes | B1: Fecha | C1: Tipo | D1: Comprobante | E1: Razón Social | F1: Tipo de Ítem | G1: Conc./Art. | H1: Descripción | I1: Neto Ítem | J1: Tasa IVA | K1: IVA Insc. Ítem | L1: No Grav. Ítem | M1: Desc. Ítem | N1: Total Ítem | O1: Clase | P1: Código Genérico | Q1: Descripción Genérica | R1: Elemento Código 1 | S1: Elemento Descripción 1 | T1: Elemento Código 2 | U1: Elemento Descripción 2 | V1: Elemento Código 3 | W1: Elemento Descripción 3 | X1: Elemento Código 4 | Y1: Elemento Descripción 4 | Z1: Tipo (FC/NC) | AA1: Letra | AB1: Tipo comprobante
A2: 2026-08 | B2: 46237 | C2: FC | D2: FC B 0015 - 00009032 | E2: Venta a Consumidor Final | F2: Concepto | G2: 4110104 | H2: DEGUSTAC. Y CONS. VARIAS | I2: 8925.62 | J2: 21 | K2: 1874.38 | L2: 0 | M2: 0 | N2: 10800 | Z2: =LEFT(D2,FIND(" ",D2)-1) -> FC | AA2: =MID(D2,FIND(" ",D2)+1,1) -> B | AB2: =Z2&" "&AA2 -> FC B
A3: 2026-08 | B3: 46237 | C3: FC | D3: FC B 0015 - 00009033 | E3: Venta a Consumidor Final | F3: Concepto | G3: 4110104 | H3: DEGUSTAC. Y CONS. VARIAS | I3: 41735.54 | J3: 21 | K3: 8764.46 | L3: 0 | M3: 0 | N3: 50500 | Z3: =LEFT(D3,FIND(" ",D3)-1) -> FC | AA3: =MID(D3,FIND(" ",D3)+1,1) -> B | AB3: =Z3&" "&AA3 -> FC B
A4: 2026-08 | B4: 46237 | C4: FC | D4: FC B 0015 - 00009034 | E4: Venta a Consumidor Final | F4: Concepto | G4: 4110104 | H4: DEGUSTAC. Y CONS. VARIAS | I4: 35537.19 | J4: 21 | K4: 7462.81 | L4: 0 | M4: 0 | N4: 43000 | Z4: =LEFT(D4,FIND(" ",D4)-1) -> FC | AA4: =MID(D4,FIND(" ",D4)+1,1) -> B | AB4: =Z4&" "&AA4 -> FC B
A5: 2026-08 | B5: 46237 | C5: FC | D5: FC B 0015 - 00009035 | E5: Venta a Consumidor Final | F5: Concepto | G5: 4110104 | H5: DEGUSTAC. Y CONS. VARIAS | I5: 11900.83 | J5: 21 | K5: 2499.17 | L5: 0 | M5: 0 | N5: 14400 | Z5: =LEFT(D5,FIND(" ",D5)-1) -> FC | AA5: =MID(D5,FIND(" ",D5)+1,1) -> B | AB5: =Z5&" "&AA5 -> FC B
A6: 2026-08 | B6: 46237 | C6: FC | D6: FC B 0015 - 00009036 | E6: Venta a Consumidor Final | F6: Concepto | G6: 4110104 | H6: DEGUSTAC. Y CONS. VARIAS | I6: 20578.51 | J6: 21 | K6: 4321.49 | L6: 0 | M6: 0 | N6: 24900 | Z6: =LEFT(D6,FIND(" ",D6)-1) -> FC | AA6: =MID(D6,FIND(" ",D6)+1,1) -> B | AB6: =Z6&" "&AA6 -> FC B
A7: 2026-08 | B7: 46238 | C7: FC | D7: FC A 0010 - 00000529 | E7: VALLES JIAME MAXIMILIANO | F7: Concepto | G7: 4110101 | H7: VENTA DE VINOS | I7: 804258 | J7: 21 | K7: 168894.18 | L7: 0 | M7: 0 | N7: 973152.18 | Z7: =LEFT(D7,FIND(" ",D7)-1) -> FC | AA7: =MID(D7,FIND(" ",D7)+1,1) -> A | AB7: =Z7&" "&AA7 -> FC A
A8: 2026-08 | B8: 46238 | C8: FC | D8: FC A 0011 - 00001607 | E8: NOFUEFERIA S.A | F8: Concepto | G8: 4110101 | H8: VENTA DE VINOS | I8: 126281 | J8: 21 | K8: 26519.01 | L8: 0 | M8: 0 | N8: 152800.01 | Z8: =LEFT(D8,FIND(" ",D8)-1) -> FC | AA8: =MID(D8,FIND(" ",D8)+1,1) -> A | AB8: =Z8&" "&AA8 -> FC A
A9: 2026-08 | B9: 46238 | C9: FC | D9: FC B 0011 - 00001165 | E9: JUAN IGNACIO ALONSO ANTICO | F9: Concepto | G9: 4110101 | H9: VENTA DE VINOS | I9: 293057.85 | J9: 21 | K9: 61542.15 | L9: 0 | M9: 0 | N9: 354600 | Z9: =LEFT(D9,FIND(" ",D9)-1) -> FC | AA9: =MID(D9,FIND(" ",D9)+1,1) -> B | AB9: =Z9&" "&AA9 -> FC B
A10: 2026-08 | B10: 46238 | C10: FC | D10: FC B 0011 - 00001166 | E10: FRANK ECHANIS | F10: Concepto | G10: 4110101 | H10: VENTA DE VINOS | I10: 353884.3 | J10: 21 | K10: 74315.7 | L10: 0 | M10: 0 | N10: 428200 | Z10: =LEFT(D10,FIND(" ",D10)-1) -> FC | AA10: =MID(D10,FIND(" ",D10)+1,1) -> B | AB10: =Z10&" "&AA10 -> FC B
A11: 2026-08 | B11: 46238 | C11: FC | D11: FC B 0011 - 00001167 | E11: MAFFONI MAXIMILIANO OSVALDO | F11: Concepto | G11: 4110101 | H11: VENTA DE VINOS | I11: 425917.35 | J11: 21 | K11: 89442.65 | L11: 0 | M11: 0 | N11: 515360 | Z11: =LEFT(D11,FIND(" ",D11)-1) -> FC | AA11: =MID(D11,FIND(" ",D11)+1,1) -> B | AB11: =Z11&" "&AA11 -> FC B
A12: 2026-08 | B12: 46239 | C12: FC | D12: FC B 0015 - 00009037 | E12: Venta a Consumidor Final | F12: Concepto | G12: 4110104 | H12: DEGUSTAC. Y CONS. VARIAS | I12: 99586.78 | J12: 21 | K12: 20913.22 | L12: 0 | M12: 0 | N12: 120500 | Z12: =LEFT(D12,FIND(" ",D12)-1) -> FC | AA12: =MID(D12,FIND(" ",D12)+1,1) -> B | AB12: =Z12&" "&AA12 -> FC B
A13: 2026-08 | B13: 46239 | C13: FC | D13: FC B 0015 - 00009038 | E13: Venta a Consumidor Final | F13: Concepto | G13: 4110104 | H13: DEGUSTAC. Y CONS. VARIAS | I13: 27355.37 | J13: 21 | K13: 5744.63 | L13: 0 | M13: 0 | N13: 33100 | Z13: =LEFT(D13,FIND(" ",D13)-1) -> FC | AA13: =MID(D13,FIND(" ",D13)+1,1) -> B | AB13: =Z13&" "&AA13 -> FC B
... A84: 2026-08 | B84: 46262 | C84: FC | D84: FC B 0010 - 00000808 | E84: LIONEL POUJADE | F84: Concepto | G84: 4110101 | H84: VENTA DE VINOS | I84: 1841983.5 | J84: 21 | K84: 386816.53 | L84: 0 | M84: 0 | N84: 2228800 | Z84: =LEFT(D84,FIND(" ",D84)-1) -> FC | AA84: =MID(D84,FIND(" ",D84)+1,1) -> B | AB84: =Z84&" "&AA84 -> FC B
